{
  "firestore": [
    {
      "target": "local",
      "rules": "firestore.rules",
      "indexes": "firestore.indexes.json"
    },
    {
      "target": "dev",
      "rules": "firestore.rules",
      "indexes": "firestore.indexes.json"
    },
    {
      "target": "prod",
      "rules": "firestore.rules",
      "indexes": "firestore.indexes.json"
    }
  ], 
  "functions": [
    {
      "target": "local",
      "source": "functions",
      "codebase": "default",
      "ignore": [
        "node_modules",
        ".git",
        "firebase-debug.log",
        "firebase-debug.*.log"
      ],
      "predeploy": [
        "npm --prefix \"$RESOURCE_DIR\" run lint"
      ]
    },
    {
      "target": "dev",
      "source": "functions",
      "codebase": "default",
      "ignore": [
        "node_modules",
        ".git",
        "firebase-debug.log",
        "firebase-debug.*.log"
      ],
      "predeploy": [
        "npm --prefix \"$RESOURCE_DIR\" run lint"
      ]
    },
    {
      "target": "prod",
      "source": "functions",
      "codebase": "default",
      "ignore": [
        "node_modules",
        ".git",
        "firebase-debug.log",
        "firebase-debug.*.log"
      ],
      "predeploy": [
        "npm --prefix \"$RESOURCE_DIR\" run lint"
      ]
    }

  ],
  "hosting": [
    {
      "target": "local", 
      "source": "./public"

    },
    {
      "target": "dev", 
      "source": "./public"

    },
    {
       "target": "prod", 
       "source": "./public"

    }
  ],
  "emulators": {
    "auth": {
      "port": 9099
    },
    "functions": {
      "port": 5001
    },
    "firestore": {
      "port": 8080
    },
    "hosting": {
      "port": 5000
    },
    "ui": {
      "enabled": true
    },
    "singleProjectMode": true
  }
}
